Commit Timestamp,commits
2022-05-27,5
2022-05-28,10
2022-05-29,12
2022-05-30,13
2022-05-31,9
2022-06-01,18
2022-06-02,14
2022-06-03,16
2022-06-04,16
2022-06-05,12
2022-06-06,22
2022-06-07,13
2022-06-08,16
2022-06-09,14
2022-06-10,13
2022-06-11,14
2022-06-12,14
2022-06-13,13
2022-06-14,15
2022-06-15,16
2022-06-16,18
2022-06-17,11
2022-06-18,9
2022-06-19,14
2022-06-20,16
2022-06-21,8
2022-06-22,14
2022-06-23,9
2022-06-24,11
2022-06-25,13
2022-06-26,10
2022-06-27,14
2022-06-28,13
2022-06-29,12
2022-06-30,10
2022-07-01,14
2022-07-02,19
2022-07-03,13
2022-07-04,13
2022-07-05,18
2022-07-06,15
2022-07-07,16
2022-07-08,14
2022-07-09,12
2022-07-10,10
2022-07-11,11
2022-07-12,15
2022-07-13,15
2022-07-14,17
2022-07-15,17
2022-07-16,6
2022-07-17,10
2022-07-18,12
2022-07-19,19
2022-07-20,19
2022-07-21,20
2022-07-22,11
2022-07-23,9
2022-07-24,15
2022-07-25,13
2022-07-26,19
2022-07-27,14
2022-07-28,8
2022-07-29,8
2022-07-30,15
2022-07-31,10
2022-08-01,11
2022-08-02,12
2022-08-03,13
2022-08-04,16
2022-08-05,13
2022-08-06,11
2022-08-07,10
2022-08-08,9
2022-08-09,17
2022-08-10,14
2022-08-11,11
2022-08-12,15
2022-08-13,12
2022-08-14,15
2022-08-15,10
2022-08-16,11
2022-08-17,16
2022-08-18,14
2022-08-19,11
2022-08-20,14
2022-08-21,26
2022-08-22,18
2022-08-23,10
2022-08-24,11
2022-08-25,12
2022-08-26,19
2022-08-27,17
2022-08-28,16
2022-08-29,14
2022-08-30,12
2022-08-31,16
2022-09-01,15
2022-09-02,12
2022-09-03,13
2022-09-04,14
2022-09-05,14
2022-09-06,16
2022-09-07,11
2022-09-08,13
2022-09-09,13
2022-09-10,9
2022-09-11,12
2022-09-12,11
2022-09-13,7
2022-09-14,11
2022-09-15,12
2022-09-16,13
2022-09-17,11
2022-09-18,9
2022-09-19,14
2022-09-20,14
2022-09-21,11
2022-09-22,8
2022-09-23,11
2022-09-24,13
2022-09-25,10
2022-09-26,16
2022-09-27,13
2022-09-28,12
2022-09-29,9
2022-09-30,11
2022-10-01,14
2022-10-02,10
2022-10-03,14
2022-10-04,9
2022-10-05,14
2022-10-06,17
2022-10-07,12
2022-10-08,14
2022-10-09,19
2022-10-10,20
2022-10-11,11
2022-10-12,11
2022-10-13,21
2022-10-14,14
2022-10-15,20
2022-10-16,6
2022-10-17,14
2022-10-18,13
2022-10-19,14
2022-10-20,10
2022-10-21,12
2022-10-22,10
2022-10-23,14
2022-10-24,13
2022-10-25,21
2022-10-26,18
2022-10-27,16
2022-10-28,13
2022-10-29,14
2022-10-30,17
2022-10-31,16
2022-11-01,15
2022-11-02,20
2022-11-03,17
2022-11-04,10
2022-11-05,11
2022-11-06,16
2022-11-07,14
2022-11-08,16
2022-11-09,16
2022-11-10,8
2022-11-11,18
2022-11-12,12
2022-11-13,10
2022-11-14,16
2022-11-15,14
2022-11-16,13
2022-11-17,16
2022-11-18,14
2022-11-19,15
2022-11-20,16
2022-11-21,20
2022-11-22,12
2022-11-23,18
2022-11-24,19
2022-11-25,19
2022-11-26,17
2022-11-27,14
2022-11-28,14
2022-11-29,17
2022-11-30,12
2022-12-01,18
2022-12-02,8
2022-12-03,17
2022-12-04,12
2022-12-05,10
2022-12-06,10
2022-12-07,9
2022-12-08,22
2022-12-09,14
2022-12-10,11
2022-12-11,15
2022-12-12,11
2022-12-13,13
2022-12-14,12
2022-12-15,15
2022-12-16,11
2022-12-17,9
2022-12-18,8
2022-12-19,17
2022-12-20,17
2022-12-21,9
2022-12-22,12
2022-12-23,8
2022-12-24,16
2022-12-25,14
2022-12-26,9
2022-12-27,6
2022-12-28,10
2022-12-29,13
2022-12-30,13
2022-12-31,14
2023-01-01,14
2023-01-02,7
2023-01-03,17
2023-01-04,11
2023-01-05,9
2023-01-06,12
2023-01-07,7
2023-01-08,15
2023-01-09,12
2023-01-10,18
2023-01-11,11
2023-01-12,12
2023-01-13,10
2023-01-14,15
2023-01-15,14
2023-01-16,14
2023-01-17,16
2023-01-18,13
2023-01-19,16
2023-01-20,15
2023-01-21,15
2023-01-22,19
2023-01-23,11
2023-01-24,11
2023-01-25,12
2023-01-26,13
2023-01-27,12
2023-01-28,18
2023-01-29,11
2023-01-30,18
2023-01-31,24
2023-02-01,11
2023-02-02,16
2023-02-03,16
2023-02-04,13
2023-02-05,18
2023-02-06,19
2023-02-07,16
2023-02-08,12
2023-02-09,8
2023-02-10,15
2023-02-11,9
2023-02-12,20
2023-02-13,13
2023-02-14,19
2023-02-15,11
2023-02-16,19
2023-02-17,15
2023-02-18,10
2023-02-19,8
2023-02-20,16
2023-02-21,14
2023-02-22,13
2023-02-23,11
2023-02-24,12
2023-02-25,15
2023-02-26,17
2023-02-27,12
2023-02-28,8
2023-03-01,15
2023-03-02,11
2023-03-03,15
2023-03-04,11
2023-03-05,16
2023-03-06,14
2023-03-07,14
2023-03-08,16
2023-03-09,12
2023-03-10,20
2023-03-11,14
2023-03-12,16
2023-03-13,13
2023-03-14,15
2023-03-15,14
2023-03-16,11
2023-03-17,12
2023-03-18,12
2023-03-19,8
2023-03-20,10
2023-03-21,11
2023-03-22,12
2023-03-23,13
2023-03-24,9
2023-03-25,6
2023-03-26,13
2023-03-27,15
2023-03-28,23
2023-03-29,17
2023-03-30,13
2023-03-31,17
2023-04-01,13
2023-04-02,10
2023-04-03,10
2023-04-04,18
2023-04-05,15
2023-04-06,15
2023-04-07,10
2023-04-08,16
2023-04-09,16
2023-04-10,7
2023-04-11,15
2023-04-12,10
2023-04-13,14
2023-04-14,13
2023-04-15,16
2023-04-16,14
2023-04-17,16
2023-04-18,9
2023-04-19,19
2023-04-20,13
2023-04-21,14
2023-04-22,15
2023-04-23,14
2023-04-24,13
2023-04-25,12
2023-04-26,16
2023-04-27,6
2023-04-28,17
2023-04-29,16
2023-04-30,10
2023-05-01,11
2023-05-02,16
2023-05-03,23
2023-05-04,14
2023-05-05,19
2023-05-06,8
2023-05-07,11
2023-05-08,20
2023-05-09,15
2023-05-10,9
2023-05-11,9
2023-05-12,20
2023-05-13,13
2023-05-14,14
2023-05-15,15
2023-05-16,15
2023-05-17,16
2023-05-18,16
2023-05-19,13
2023-05-20,7
2023-05-21,12
2023-05-22,17
2023-05-23,19
2023-05-24,12
2023-05-25,13
2023-05-26,20
2023-05-27,15
2023-05-28,12
2023-05-29,9
2023-05-30,15
2023-05-31,14
2023-06-01,11
2023-06-02,10
2023-06-03,14
2023-06-04,14
2023-06-05,14
2023-06-06,15
2023-06-07,13
2023-06-08,12
2023-06-09,16
2023-06-10,10
2023-06-11,10
2023-06-12,5
2023-06-13,13
2023-06-14,16
2023-06-15,9
2023-06-16,12
2023-06-17,17
2023-06-18,13
2023-06-19,14
2023-06-20,16
2023-06-21,21
2023-06-22,15
2023-06-23,19
2023-06-24,16
2023-06-25,24
2023-06-26,11
2023-06-27,15
2023-06-28,16
2023-06-29,17
2023-06-30,10
2023-07-01,19
2023-07-02,16
2023-07-03,13
2023-07-04,12
2023-07-05,13
2023-07-06,12
2023-07-07,22
2023-07-08,17
2023-07-09,5
2023-07-10,26
2023-07-11,18
2023-07-12,16
2023-07-13,13
2023-07-14,20
2023-07-15,15
2023-07-16,8
2023-07-17,11
2023-07-18,15
2023-07-19,15
2023-07-20,13
2023-07-21,10
2023-07-22,15
2023-07-23,17
2023-07-24,15
2023-07-25,10
2023-07-26,8
2023-07-27,13
2023-07-28,13
2023-07-29,9
2023-07-30,16
2023-07-31,17
2023-08-01,20
2023-08-02,10
2023-08-03,6
2023-08-04,23
2023-08-05,9
2023-08-06,12
2023-08-07,10
2023-08-08,14
2023-08-09,17
2023-08-10,17
2023-08-11,7
2023-08-12,19
2023-08-13,12
2023-08-14,13
2023-08-15,14
2023-08-16,12
2023-08-17,23
2023-08-18,10
2023-08-19,14
2023-08-20,10
2023-08-21,11
2023-08-22,11
2023-08-23,18
2023-08-24,13
2023-08-25,12
2023-08-26,10
2023-08-27,14
2023-08-28,16
2023-08-29,8
2023-08-30,16
2023-08-31,18
2023-09-01,14
2023-09-02,15
2023-09-03,19
2023-09-04,20
2023-09-05,7
2023-09-06,16
2023-09-07,13
2023-09-08,10
2023-09-09,10
2023-09-10,10
2023-09-11,13
2023-09-12,18
2023-09-13,23
2023-09-14,15
2023-09-15,15
2023-09-16,19
2023-09-17,16
2023-09-18,11
2023-09-19,13
2023-09-20,15
2023-09-21,10
2023-09-22,5
2023-09-23,8
2023-09-24,6
2023-09-25,16
2023-09-26,7
2023-09-27,9
2023-09-28,15
2023-09-29,8
2023-09-30,15
2023-10-01,11
2023-10-02,19
2023-10-03,8
2023-10-04,20
2023-10-05,14
2023-10-06,12
2023-10-07,15
2023-10-08,10
2023-10-09,12
2023-10-10,13
2023-10-11,9
2023-10-12,15
2023-10-13,14
2023-10-14,16
2023-10-15,10
2023-10-16,9
2023-10-17,10
2023-10-18,12
2023-10-19,14
2023-10-20,21
2023-10-21,15
2023-10-22,12
2023-10-23,14
2023-10-24,8
2023-10-25,13
2023-10-26,12
2023-10-27,14
2023-10-28,20
2023-10-29,12
2023-10-30,6
2023-10-31,11
2023-11-01,10
2023-11-02,9
2023-11-03,14
2023-11-04,15
2023-11-05,15
2023-11-06,13
2023-11-07,14
2023-11-08,13
2023-11-09,7
2023-11-10,13
2023-11-11,15
2023-11-12,16
2023-11-13,18
2023-11-14,8
2023-11-15,11
2023-11-16,15
2023-11-17,20
2023-11-18,13
2023-11-19,14
2023-11-20,14
2023-11-21,14
2023-11-22,11
2023-11-23,8
2023-11-24,12
2023-11-25,20
2023-11-26,11
2023-11-27,13
2023-11-28,9
2023-11-29,8
2023-11-30,10
2023-12-01,8
2023-12-02,16
2023-12-03,9
2023-12-04,19
2023-12-05,16
2023-12-06,15
2023-12-07,13
2023-12-08,19
2023-12-09,18
2023-12-10,17
2023-12-11,14
2023-12-12,11
2023-12-13,9
2023-12-14,9
2023-12-15,17
2023-12-16,17
2023-12-17,10
2023-12-18,18
2023-12-19,13
2023-12-20,9
2023-12-21,23
2023-12-22,20
2023-12-23,17
2023-12-24,15
2023-12-25,20
2023-12-26,10
2023-12-27,13
2023-12-28,15
2023-12-29,10
2023-12-30,13
2023-12-31,14
2024-01-01,8
2024-01-02,17
2024-01-03,12
2024-01-04,17
2024-01-05,14
2024-01-06,12
2024-01-07,10
2024-01-08,17
2024-01-09,14
2024-01-10,12
2024-01-11,14
2024-01-12,14
2024-01-13,8
2024-01-14,12
2024-01-15,15
2024-01-16,12
2024-01-17,17
2024-01-18,19
2024-01-19,16
2024-01-20,17
2024-01-21,12
2024-01-22,16
2024-01-23,13
2024-01-24,10
2024-01-25,19
2024-01-26,16
2024-01-27,7
2024-01-28,18
2024-01-29,12
2024-01-30,10
2024-01-31,17
2024-02-01,21
2024-02-02,10
2024-02-03,12
2024-02-04,11
2024-02-05,10
2024-02-06,16
2024-02-07,9
2024-02-08,14
2024-02-09,16
2024-02-10,19
2024-02-11,16
2024-02-12,17
2024-02-13,16
2024-02-14,13
2024-02-15,17
2024-02-16,14
2024-02-17,15
2024-02-18,10
2024-02-19,15
2024-02-20,15
2024-02-21,11
2024-02-22,10
2024-02-23,18
2024-02-24,13
2024-02-25,14
2024-02-26,14
2024-02-27,21
2024-02-28,15
2024-02-29,23
2024-03-01,11
2024-03-02,4
2024-03-03,14
2024-03-04,12
2024-03-05,15
2024-03-06,20
2024-03-07,13
2024-03-08,10
2024-03-09,13
2024-03-10,15
2024-03-11,17
2024-03-12,19
2024-03-13,16
2024-03-14,15
2024-03-15,12
2024-03-16,18
2024-03-17,17
2024-03-18,12
2024-03-19,19
2024-03-20,12
2024-03-21,16
2024-03-22,14
2024-03-23,21
2024-03-24,12
2024-03-25,15
2024-03-26,16
2024-03-27,11
2024-03-28,17
2024-03-29,13
2024-03-30,12
2024-03-31,10
2024-04-01,21
2024-04-02,14
2024-04-03,11
2024-04-04,16
2024-04-05,18
2024-04-06,17
2024-04-07,13
2024-04-08,10
2024-04-09,25
2024-04-10,13
2024-04-11,13
2024-04-12,14
2024-04-13,16
2024-04-14,12
2024-04-15,12
2024-04-16,20
2024-04-17,10
2024-04-18,13
2024-04-19,18
2024-04-20,17
2024-04-21,16
2024-04-22,16
2024-04-23,15
2024-04-24,17
2024-04-25,14
2024-04-26,8
2024-04-27,12
2024-04-28,12
2024-04-29,12
2024-04-30,10
2024-05-01,13
2024-05-02,20
2024-05-03,13
2024-05-04,21
2024-05-05,15
2024-05-06,18
2024-05-07,7
2024-05-08,14
2024-05-09,15
2024-05-10,20
2024-05-11,9
2024-05-12,10
2024-05-13,12
2024-05-14,16
2024-05-15,11
2024-05-16,17
2024-05-17,11
2024-05-18,19
2024-05-19,9
2024-05-20,15
2024-05-21,11
2024-05-22,13
2024-05-23,14
2024-05-24,15
2024-05-25,11
2024-05-26,11
